,Area code,Area name,1998,1999,2000,2001,2002,2003,2004,2005,2006,2007,2008,2009,2010,2011,2012,2013,2014,2015,2016,2017,2018,2019,2020,2021
0,E61000001,Greater London Authority,27560,28743,30677,31214,32094,33850,35465,37743,39606,42511,42972,41310,42605,43870,45030,46793,49249,50347,52874,54319,55940,57500,54225,59855
1,E09000007,The City of London,57740,59528,62764,63783,65349,69590,73635,77950,80556,88247,92028,90056,92086,94292,95834,100686,108546,121235,134224,136968,137267,133436,114609,168278
2,E09000002,Barking and Dagenham,16258,15962,15794,15607,15510,16049,16868,16954,18469,19222,19206,17344,19057,19157,19660,20858,20746,20405,19320,18919,19211,19964,18136,18923
3,E09000003,Barnet,15470,16354,16907,17291,18036,19048,19707,20330,21507,22306,21895,20401,20982,21369,22705,22977,24097,24706,25473,25539,26100,26775,25406,28833
4,E09000004,Bexley,15854,16658,17245,17927,18577,19498,19918,20864,21862,22840,23186,21815,22406,22678,24384,26716,26948,27847,29117,28166,28219,29376,26603,27942
5,E09000005,Brent,17472,18850,19488,19767,20470,21326,21819,22790,23750,24226,23692,21715,22316,22536,24087,25168,27078,28377,29387,29654,29525,31639,30091,31487
6,E09000006,Bromley,17061,17934,18303,18833,19825,21109,22107,22946,24406,25338,25111,23305,23926,24309,25182,25623,25796,26110,27196,28028,28491,28218,25503,27421
7,E09000007,Camden,57740,59528,62764,63783,65349,69590,73635,77950,80556,88247,92028,90056,92086,94292,95834,100686,108546,121235,134224,136968,137267,133436,114609,168278
8,E09000008,Croydon,17187,18190,19045,19595,20160,21372,22168,23241,24046,25544,25016,23567,23436,23269,23246,23536,25521,25655,26224,26870,28868,30680,28934,31579
9,E09000009,Ealing,17879,18687,19394,19841,20335,21456,21989,22634,23654,24632,24436,22387,23085,23589,25192,26570,28405,29652,30851,30441,30799,31217,30591,30510
10,E09000010,Enfield,15847,16606,17222,17800,18396,19635,20502,21218,22359,23356,22913,20710,21643,21695,22352,22973,23855,24846,25236,25024,26691,27899,25014,27764
11,E09000011,Greenwich,13901,14774,15166,15385,15897,16680,17363,18127,18946,19538,19835,18202,19158,19496,19652,19938,20552,20916,21357,22230,22755,24008,20613,22253
12,E09000012,Hackney,14461,15142,15997,16500,16869,17838,18543,19684,20188,21429,21687,20822,21545,22698,22750,23077,25215,25908,27154,28868,31750,36535,37284,44006
13,E09000013,Hammersmith and Fulham,25840,27125,28401,29104,29788,31618,32978,34558,34555,37415,39822,38191,39492,41353,44562,48381,52580,55793,57303,60694,63928,68735,66179,68246
14,E09000014,Haringey,10043,10658,11173,11732,11985,12462,12933,13537,13583,14521,14348,13426,14227,14808,15324,15358,16606,17243,16908,17424,17939,18281,16820,18679
15,E09000015,Harrow,14723,15564,16006,16470,17125,18217,18767,19077,19838,20786,20510,18706,19468,19873,20189,20549,22053,23136,23926,24226,24656,25176,22721,25130
16,E09000016,Havering,15063,15823,16503,17130,17734,18795,19448,20380,21381,22331,21862,20057,20766,20810,22098,22618,23660,24098,24786,24948,25623,26379,23680,26113
17,E09000017,Hillingdon,38269,40094,41801,42003,42458,44141,45722,46998,47393,48980,48156,42957,44611,45906,45969,47915,51696,51679,49660,51636,52389,52801,41476,42962
18,E09000018,Hounslow,31825,33919,36494,37759,38867,40110,40432,41827,46067,48800,51011,48457,49459,49652,51939,56211,60462,63119,66611,66922,65988,68675,59356,58265
19,E09000019,Islington,42471,45182,49543,50501,52087,54826,57876,60900,63105,68731,71633,69310,71063,72896,73414,78043,81574,83355,83872,83744,87036,87475,81567,101300
20,E09000020,Kensington and Chelsea,29437,30433,31260,31208,31901,32671,34451,35804,38042,42819,45837,43090,44908,48510,55732,61548,65216,66004,66996,67002,72195,69284,62874,72023
21,E09000021,Kingston upon Thames,20008,20972,21853,22224,22934,24230,25287,26135,27274,28957,29074,27070,27290,27690,28350,27960,29812,29681,32593,32662,33569,33862,30240,33143
22,E09000022,Lambeth,19493,20692,22337,23462,23876,25354,26600,28607,28881,31782,33259,31886,34258,35803,35947,34072,37989,39025,40672,41395,42282,42061,38984,43617
23,E09000023,Lewisham,8471,8869,9364,9963,10368,11165,11621,12283,12705,13453,13686,12738,13327,13999,14454,14391,15068,15293,15078,15056,15137,15444,14463,15739
24,E09000024,Merton,18935,19903,20425,20649,21023,22061,22848,23809,24621,25818,25750,23462,24283,24888,25951,27609,29326,29862,30679,30295,30812,32118,29155,31506
25,E09000025,Newham,13443,13706,14336,14736,14997,15704,16312,17198,17459,18100,18419,17209,17536,17733,18634,19012,19497,19976,20201,21050,21371,22498,20841,23485
26,E09000026,Redbridge,12543,13236,13749,14059,14604,15339,16062,16605,17312,17770,17492,15844,16243,16474,17468,17654,17870,18688,19070,19359,19580,19531,17376,19263
27,E09000027,Richmond upon Thames,21180,22156,23345,23822,24268,25205,26020,27007,28340,30132,30100,28657,28630,29460,31355,32043,32962,35088,37270,39050,42739,42441,38527,41828
28,E09000028,Southwark,29264,30457,33157,33772,34945,36814,38501,41127,41918,45759,47481,46955,49458,53798,55687,56482,54915,57966,60990,62140,66654,70132,64133,72276
29,E09000029,Sutton,15677,16465,17342,17758,18386,19400,20173,21117,22079,23244,23184,21242,21804,22065,22352,22466,23387,23210,24267,24558,24314,25037,22780,24890
30,E09000030,Tower Hamlets,66020,65987,72949,72596,73417,77751,83535,92570,99277,107107,109644,109422,109177,117026,112098,113388,115503,113985,119043,125774,119702,115687,112728,128919
31,E09000031,Waltham Forest,10823,11508,11948,12434,12964,13752,14340,14972,15587,16099,15582,13971,14370,14728,15675,16123,16925,17643,17838,18014,18407,19317,17079,18564
32,E09000032,Wandsworth,14107,15165,15944,16634,17193,17781,18357,19281,19890,21360,21836,20493,20926,21672,23165,24232,25791,27271,27683,27007,27487,27581,25700,27321
33,E09000033,Westminster,146125,151876,160601,160270,162048,167666,171827,180587,188102,210384,221520,218395,228224,232654,241064,252363,266225,257577,278345,289616,292350,298521,272263,382206
34,E47000001,Greater Manchester Combined Authority,14913,15713,16143,17002,17761,18478,19417,20466,21353,22265,22392,22183,22538,22696,23502,24424,25003,25852,26615,27968,28974,29884,28358,30576
35,E08000001,Bolton,12808,13375,13486,14205,14613,15175,15931,16784,17410,18011,17911,17868,18185,18384,19047,20018,20296,21020,21735,22527,23729,23545,22999,24657
36,E08000002,Bury,11476,12029,12442,13057,13839,14412,15040,15753,16429,17149,17157,16766,17140,17443,17921,18501,18326,19375,19797,19969,20505,21701,20366,21472
37,E08000003,Manchester,23045,24295,24630,26305,27527,28496,30180,31785,33427,34885,35035,35418,35928,35739,37082,37798,38807,39914,41748,44913,46355,49192,46385,51330
38,E08000004,Oldham,10767,11289,11599,11945,12479,12820,13518,14243,14788,15327,15526,15108,15391,15737,15919,16577,17317,17997,18384,19728,19797,20507,18610,19578
39,E08000005,Rochdale,11396,12052,12277,12749,13124,13541,14217,14789,15066,15745,15731,15366,15815,16143,17025,17704,17952,18392,18548,18841,19517,20345,18568,20247
40,E08000006,Salford,16560,17520,17836,18861,19692,20627,22235,23832,25005,26085,26125,25709,25808,26046,27547,29991,31654,31719,30884,31340,33369,34556,33725,35529
41,E08000007,Stockport,14041,14873,15484,16113,16900,17761,18513,19376,20244,21252,21931,22006,22183,22069,22709,23006,22991,23117,24138,25537,26536,26704,25777,27425
42,E08000008,Tameside,10545,11216,11614,11941,12399,12849,13224,14042,14395,14972,15030,14719,14973,15193,15482,16087,16615,16848,16849,17753,18072,18151,17174,17890
43,E08000009,Trafford,21991,23204,24330,26017,27325,28291,29086,30222,31368,32533,32857,31735,32027,32073,32863,34245,34578,36884,38398,40494,42523,43034,40479,44192
44,E08000010,Wigan,10625,11162,11574,12115,12524,13017,13480,14088,14579,15064,14758,14281,14562,14768,15120,16075,16482,17501,17999,18546,18783,18677,17975,19649
45,E47000002,South Yorkshire Mayoral Combined Authority,12253,12467,12990,13776,14536,15449,16274,16794,17567,18600,18312,17757,18295,18721,19156,19613,20263,21006,21245,21968,22193,22922,21916,24399
46,E08000016,Barnsley,10769,10898,11331,11838,12320,13060,13847,14235,14741,15665,15296,14634,15147,15549,15750,16355,17003,17489,17673,18298,18924,19533,18587,20641
47,E08000017,Doncaster,11049,11312,11699,12234,12821,13592,14543,14886,15718,16636,16573,15638,16240,16396,16678,17076,18149,19416,19878,21436,21567,22087,20996,23009
48,E08000018,Rotherham,11589,11774,12259,12755,13456,14216,14754,15303,15800,16857,16792,16051,16856,17334,18240,18422,18999,19779,20161,20935,21139,21700,20494,22372
49,E08000019,Sheffield,13871,14107,14763,15957,16967,18116,19014,19655,20649,21786,21295,21079,21442,21976,22357,22910,23365,23904,23977,24269,24382,25351,24446,27805
50,E47000003,West Yorkshire Combined Authority,15049,15922,16296,16781,17380,18510,19394,20350,21224,22120,22012,21535,21795,22320,22777,23344,23982,25032,25399,26361,27487,27981,26517,28769
51,E08000032,Bradford,12683,13399,13558,13862,14281,14999,15638,16207,16626,17256,17587,17074,17132,17758,18195,18590,18762,19399,19780,20721,20944,21095,20498,21778
52,E08000033,Calderdale,13093,13736,13874,14377,14671,15672,16508,17865,18719,19399,18476,17798,18326,18928,19376,20123,22856,24980,25131,26922,28492,28426,24078,27408
53,E08000034,Kirklees,11999,12564,12759,13000,13244,13898,14346,14918,15298,15915,15972,15417,15700,16025,16317,16682,17178,17991,18378,19407,20155,20287,20269,22389
54,E08000035,Leeds,18913,20181,20835,21540,22590,24444,25855,27211,28848,30323,29918,29624,30134,30745,31277,31998,32703,33757,33928,34788,36629,37554,35338,37764
55,E08000036,Wakefield,14690,15428,15895,16474,17014,17860,18506,19273,19842,20421,20710,20187,20062,20534,20976,21615,21688,22931,23747,24379,25473,26299,25066,27618
56,E47000004,Liverpool City Region Combined Authority,12108,12873,13443,14205,14993,16182,16990,17588,18876,19008,19746,19963,20644,20811,20449,21126,22022,22613,22975,23738,24143,25336,23881,26086
57,E06000006,Halton,19950,21008,22004,22541,23438,25298,25514,26708,28776,27722,29411,29606,30660,30706,29259,30558,32228,33385,33412,34468,35804,37090,33305,34985
58,E08000011,Knowsley,12466,12756,12900,13682,14255,15292,15872,15906,16804,17528,18282,17939,19489,20245,20688,22557,23741,24671,26169,27651,27089,28304,26493,29407
59,E08000012,Liverpool,14466,15415,16390,17533,18476,20236,21383,22355,24316,24269,25360,26196,26511,26652,26023,26503,27655,27914,28110,28920,29325,31298,29405,32841
60,E08000013,St. Helens,10529,11392,11888,12451,13203,13887,14532,14986,15984,16523,16584,16270,17218,17155,16412,16875,17477,17709,17974,17973,18399,18826,17134,18803
61,E08000014,Sefton,8835,9470,9791,10375,11139,11886,12520,12949,13752,13987,14482,14564,15143,15060,14837,15287,15842,16307,16989,17593,18177,18540,17922,19418
62,E08000015,Wirral,9427,10142,10465,11075,11695,12534,13355,13578,14320,14525,14935,14869,15372,15607,15714,16168,16675,17583,17491,18234,18498,19521,19194,20688
63,E47000006,Tees Valley Combined Authority,13167,13713,14213,14462,15182,16257,17233,17727,18506,19034,19586,19446,19757,20105,20321,20658,21505,22580,22709,22578,23094,23680,22324,24103
64,E06000005,Darlington,16872,17534,18892,20021,21192,22464,23854,23548,23705,23180,24148,22636,23309,24009,24085,24282,26905,28479,27195,27086,27007,26760,24491,25783
65,E06000001,Hartlepool,10122,10715,10923,11002,11631,12266,12752,13225,13769,14430,14681,14307,14664,15168,15284,15773,15623,16410,17653,17886,17645,18060,17697,18386
66,E06000002,Middlesbrough,11798,12403,12826,13049,13679,14621,15788,16832,17860,18422,18959,19200,19057,19498,19841,19756,20418,21277,22048,22795,24226,24217,21990,24405
67,E06000003,Redcar and Cleveland,10382,10643,10963,10840,11208,12309,12535,12890,13095,13373,14234,13960,14707,14937,15161,15281,15767,16290,15860,14899,15526,16220,15806,16626
68,E06000004,Stockton-on-Tees,15918,16528,16878,17028,17824,19058,20456,21031,22438,23574,23778,24271,24338,24406,24635,25416,26129,27592,27881,27520,27997,29482,28116,30830
69,E47000007,West Midlands Combined Authority,15137,15603,16086,16802,17278,18037,18827,19585,19987,20734,20829,20075,20758,21143,21513,22253,23103,23808,25049,25548,26270,26615,25081,27117
70,E08000025,Birmingham,15228,15767,16276,17114,17678,18610,19636,20439,20849,21735,21792,21329,21834,22031,22327,23311,24034,24598,25503,25819,26791,27309,26136,27980
71,E08000026,Coventry,17325,17794,18361,19169,19571,20545,21621,22812,23019,24149,24656,24259,25176,25673,26286,26694,27989,28927,30766,29552,29622,29837,27984,32314
72,E08000027,Dudley,12209,12639,12878,13433,13868,14204,14710,15169,15577,16206,16227,15246,15803,16273,16654,17031,17294,17476,18019,18565,18901,19398,18195,19675
73,E08000028,Sandwell,14352,14620,14824,15187,15729,16364,16781,17265,17861,18002,18070,17408,17625,17495,17940,18368,19742,20470,21276,21984,22912,22438,21552,21523
74,E08000029,Solihull,22915,23369,24760,25838,26163,27078,27715,28800,29318,30365,30057,28142,30561,31444,32383,33533,35054,38548,43018,46574,47793,48835,44564,48359
75,E08000030,Walsall,11879,12198,12441,12840,13182,13747,14309,14819,15051,15533,15651,14681,15319,16148,16445,17388,18358,18612,19330,19441,19484,19372,17723,19638
76,E08000031,Wolverhampton,13614,14234,14685,15393,15866,16404,17071,17813,18262,18857,19016,17939,18398,19052,18851,19115,19234,18918,20018,21165,22209,22677,21110,23606
77,E47000008,Cambridgeshire and Peterborough Combined Authority,18687,19521,20172,21091,21927,22595,23352,24511,26165,26842,27128,26183,26882,27338,28274,28763,29851,30253,31547,33296,34099,35127,34090,35348
78,E07000008,Cambridge,23006,24269,25523,27256,28470,29693,31049,31979,34843,36990,38205,38673,38611,38954,41171,43181,44486,45705,47580,49783,50383,54560,55978,51861
79,E07000009,East Cambridgeshire,14747,15131,15563,16257,17525,17336,17391,18116,18727,18913,19777,19268,19410,20066,20225,20787,21580,22118,23199,24296,24532,26493,25638,26885
80,E07000010,Fenland,13032,13281,14032,14592,15353,15748,15739,16262,16631,16828,17251,17077,17730,18389,18695,19843,20058,19956,20211,20947,20670,21283,20028,21749
81,E07000011,Huntingdonshire,15471,16266,16888,17630,18287,19096,19368,20232,21485,22190,22687,22268,23288,23553,23810,24308,25233,25800,27302,28318,28705,30589,28595,30151
82,E07000012,South Cambridgeshire,19989,20997,21885,22588,23717,24386,25343,26024,27509,28421,28908,27818,29007,29202,31441,31207,32130,33563,34415,36383,36991,38108,36702,39821
83,E06000031,Peterborough,22535,23489,23694,24711,25123,25871,27252,29541,32141,32257,31201,28346,28939,29537,29938,29671,31526,30603,32398,35214,37440,35589,34206,35204
84,E47000009,West of England Combined Authority,18397,19167,20197,21627,22628,23743,24850,25345,26375,27740,28623,28588,29679,29951,30998,31288,32936,33271,34826,36154,36333,37971,36327,39371
85,E06000022,Bath and North East Somerset,15011,15572,16377,17116,18000,18783,19464,20090,20927,21618,22211,21698,22818,23052,23514,23339,24056,24045,24436,24801,24885,26362,24095,26388
86,E06000023,"Bristol, City of",17716,18436,19466,21006,21928,22916,24076,24246,25246,27003,27758,28237,29138,29106,30023,30395,31580,32329,34128,36154,35621,37537,35748,39024
87,E06000025,South Gloucestershire,21866,22836,23993,25714,26901,28433,29725,30659,31835,33041,34329,33753,35128,35921,37567,38049,41094,41028,42995,43831,45281,46546,45608,48525
88,E47000010,North East Combined Authority,11918,12230,12675,13231,14052,14848,16042,16787,17677,18089,18460,18206,18562,18894,19382,19822,20205,20511,20698,21214,21719,22853,20987,23038
89,E06000047,County Durham,10784,11373,11734,12096,12738,13576,14555,15115,16005,16570,17027,17011,17203,17105,17486,17657,17716,17940,18075,18534,19474,20200,19084,21133
90,E08000023,South Tyneside,8576,8707,8992,9376,9818,10378,11205,11761,12278,12554,12908,12141,12766,13287,14219,14484,15263,15368,15061,15217,15344,15905,14406,16422
91,E08000024,Sunderland,13562,13518,14154,15001,16171,16996,18606,19540,20568,20843,21472,21647,21809,22301,22882,24964,25833,26488,26781,27903,27929,29324,26542,27871
92,E08000037,Gateshead,15021,15312,15840,16606,17671,18488,19912,21008,21981,22301,22111,21023,21871,22937,23258,22269,22520,22713,23277,23412,23783,26114,23297,26335
93,E47000011,North of Tyne Combined Authority,13635,13811,14229,15172,16369,17131,18543,19391,20237,20562,20868,20312,21022,21673,22277,22325,22938,23944,24667,25709,25993,26681,24785,27075
94,E08000021,Newcastle upon Tyne,17247,17453,18244,19742,21192,22407,24562,25843,27195,27438,27504,27037,27947,28948,30071,29917,30450,32081,32795,34118,33863,34674,31667,35070
95,E08000022,North Tyneside,12135,12465,12711,13728,15093,15736,16978,17644,18073,18500,19040,18230,18778,19434,19848,19863,20669,21611,22396,24038,24960,25098,23907,25948
96,E06000057,Northumberland,11340,11434,11674,12116,12991,13450,14339,14884,15554,15890,16280,15783,16372,16679,16881,17040,17554,17961,18604,18981,19281,20194,18831,20391
97,Not available,Greater Brighton City Region,16458,17432,18003,18514,19430,20157,20431,20958,22072,22867,23875,23019,23732,24017,24926,25901,26485,27531,28711,30033,30849,31904,29649,31357
98,E07000224,Arun,10394,10766,11052,11566,11947,12410,12490,12832,13209,13598,14295,13543,14250,14562,14897,15634,16010,16156,16983,17227,17942,18238,17029,18145
99,E07000229,Worthing,17722,20730,21421,21507,24280,25765,25588,25219,26532,27916,29070,27271,28752,28760,29575,30354,29666,30748,33354,37172,38921,40657,40179,40669
100,E07000223,Adur,12509,13034,13531,13987,14281,14718,14994,15797,16590,17150,17677,16799,17459,17506,18159,17432,17901,18971,19594,20199,20668,20782,20276,21527
101,E07000228,Mid Sussex,15016,15809,16669,17135,17628,18277,18640,19271,20114,20763,21558,20769,21457,21711,22187,22442,22895,24128,24641,25251,25679,26973,25401,27538
102,E07000226,Crawley,35160,36172,36284,35836,37916,38965,38863,38618,41042,42980,45487,43666,45565,45936,47597,49937,51127,54596,56678,59665,60001,61116,49172,44591
103,E06000043,Brighton and Hove,15118,16043,16777,17822,18571,19266,20010,21076,22417,23014,23788,23505,23558,23940,25630,27211,28247,28661,29888,30996,31973,33416,32353,37302
104,E07000063,Lewes,12123,12548,13131,13813,14148,14700,14887,15612,16140,16567,17399,16662,16937,17002,16685,17259,17917,19030,19467,20241,21067,21882,21255,22874
105,W42000001,Cardiff Capital Region,13204,13761,14407,14776,15449,16416,17107,17872,18749,19407,19279,19029,19635,20372,20924,21454,22013,22505,23474,24169,24947,25847,24301,26444
106,W06000013,Bridgend,14178,14444,15152,15311,16093,17137,17825,18514,19316,19647,19889,18669,19802,20513,20479,21388,22517,22477,22600,23822,24928,26542,24411,26263
107,W06000014,Vale of Glamorgan,10905,11363,11765,12392,12995,13829,13688,14216,14947,14959,14711,14650,14804,15296,16225,17134,17253,18263,18554,18065,18003,18431,15979,17237
108,W06000016,Rhondda Cynon Taf,10172,10395,10696,10847,11563,12067,12472,13133,14013,14382,14868,15294,16577,17210,17646,18386,19144,18944,19999,20347,20608,21061,20450,22373
109,W06000024,Merthyr Tydfil,10980,11426,12213,12590,13191,14172,15539,16654,17080,17412,17510,17070,17194,17988,17841,18100,18291,18617,19071,19913,20709,20864,19816,21305
110,W06000018,Caerphilly,10365,10458,10866,10998,11251,11759,12253,12719,13244,13428,13532,13246,13701,14552,14781,15460,15854,16627,17779,18284,18896,19665,18135,20090
111,W06000019,Blaenau Gwent,8801,8888,9377,9545,9904,10205,10723,11289,11655,11872,11836,11293,11952,12658,13148,13327,13352,13967,14042,15039,15901,16057,14911,17160
112,W06000020,Torfaen,11427,11605,12312,12508,13165,14247,15035,15767,16645,16667,16555,15854,16679,17567,17408,18427,18732,18478,18253,19189,20292,21507,19686,21950
113,W06000021,Monmouthshire,13162,14026,15089,15532,16231,17024,17737,18402,19284,19786,20019,19105,19597,20194,20844,21199,22105,23210,23001,23282,24348,25162,24054,26416
114,W06000022,Newport,16330,17072,18002,18247,18586,20109,21214,21869,22842,23703,22674,22145,23047,23727,24232,24002,23914,24789,26997,27615,29678,30019,27218,28452
115,W06000015,Cardiff,18102,19366,20185,20968,22008,23480,24469,25576,26834,28530,27863,27889,27890,28672,29815,30115,30921,31570,33256,34468,35126,36680,35393,38556
116,W42000002,Growing Mid Wales,11345,11537,12063,12630,13177,14140,14729,15183,15804,16263,16055,15811,16334,17025,17213,17783,18222,19074,19721,19960,20644,20918,19691,20920
117,W06000023,Powys,11333,11663,12285,12839,13243,14270,14764,15124,15552,16061,15551,15295,15843,16451,16982,17492,18113,18866,19458,19421,20066,20326,19155,20135
118,W06000008,Ceredigion,11366,11323,11690,12280,13067,13919,14670,15285,16241,16616,16948,16731,17202,18039,17618,18292,18414,19447,20193,20938,21691,21995,20667,22405
119,W42000003,North Wales Economic Ambition Board,12964,13097,13613,13958,14488,15406,16225,16966,17865,18196,18389,17780,18520,19647,20140,21067,21166,21843,22553,23487,24236,24983,23269,26025
120,W06000001,Isle of Anglesey,9823,9976,10391,10797,11151,12184,13581,13895,14298,14394,14466,13382,13498,14399,14705,14889,15042,15852,16909,17451,18484,19596,16425,18102
121,W06000002,Gwynedd,12699,12824,13205,13629,14609,15725,16409,17583,18755,19124,19307,18477,18436,19254,19775,20878,20911,21203,21255,22237,22603,23400,20758,24613
122,W06000003,Conwy,10013,10292,10634,10964,11481,12172,12686,13259,13797,13925,13908,13248,13863,14511,14756,15764,16332,16961,17618,18836,19118,19480,17952,18930
123,W06000004,Denbighshire,11570,11694,12087,12564,13498,14291,15211,15892,16605,16873,17153,16494,17184,17923,17786,18817,19404,19686,20615,21568,22335,22707,21836,23767
124,W06000005,Flintshire,15751,15899,16564,16798,16950,17805,18468,19137,20467,20712,21572,21004,22501,24940,25983,26772,26699,27967,29321,30550,31301,31768,30291,34634
125,W06000006,Wrexham,15207,15182,15920,16203,16594,17642,18684,19529,20392,21134,20746,20588,21619,22317,22915,24081,23664,24256,24530,25008,26345,27762,26666,29043
126,W42000004,Swansea Bay City Region,12035,12184,12584,13065,13392,14122,15178,15764,16357,17025,17230,16529,17089,17472,17990,18911,19713,20536,21202,21818,22428,23590,21801,24991
127,W06000009,Pembrokeshire,12102,11792,11819,12826,12828,13963,16636,16236,15753,17338,17122,15476,16162,16121,16801,18512,18478,22134,22064,23087,22370,24359,22365,29382
128,W06000010,Carmarthenshire,11136,11248,11629,12028,12512,13154,13708,14455,15155,15467,15582,14671,15208,15792,16576,17426,18009,18588,19345,19450,20254,21253,19651,22504
129,W06000011,Swansea,12957,13281,13822,14663,15210,16124,17255,18209,18933,19538,19984,19835,19787,20399,20661,21230,22847,22541,23487,24406,25639,26421,24757,26924
130,W06000012,Neath Port Talbot,11586,11876,12388,11951,11981,12181,12388,12982,14135,14587,14856,14299,15780,15873,16328,17245,17669,18246,18941,19340,19795,21115,19089,21225
131,Not available,Aberdeen City Region,20359,20436,21065,22665,23661,23959,25141,26484,29702,32643,35454,34304,35318,35998,37846,40361,41863,40500,37669,37526,38031,38449,34759,36557
132,S12000033,Aberdeen City,25076,25317,26037,28177,29626,30341,32144,33897,38427,42447,46776,45186,46768,47324,50517,53376,53841,51371,46691,45462,47099,48420,43146,45491
133,S12000034,Aberdeenshire,15862,15826,16393,17518,18170,18183,18940,19972,22120,24119,25637,24819,25313,26064,26695,28895,31339,30941,29759,30590,30140,29720,27392,28821
134,Not available,Ayrshires,11439,11880,12528,13061,13407,13968,14635,15668,16620,16824,17330,16934,17401,17664,17985,18365,19154,19535,19883,20791,20997,21339,20021,21794
135,S12000008,East Ayrshire,10169,10590,11056,11716,12119,12499,13150,14286,15249,15679,16052,15682,15859,16203,16356,16505,16927,17484,17798,19108,18823,18634,17791,19256
136,S12000021,North Ayrshire,10768,11273,11752,12064,12072,12722,13135,14069,15036,15281,15676,15207,15676,15785,16475,17365,18169,18273,18642,19079,19477,20258,19604,21603
137,S12000028,South Ayrshire,13610,13996,15044,15711,16415,17068,18063,19104,20025,19942,20734,20409,21188,21547,21596,21598,22764,23292,23648,24677,25178,25562,22938,24777
138,Not available,Edinburgh and South East Scotland City Region,16926,17209,18076,18985,20152,21569,22792,23821,25136,26069,26376,26230,26283,26677,27312,28222,29278,29910,31307,32669,33572,34505,32607,35210
139,S12000036,City of Edinburgh,23539,23888,25645,27495,29657,32338,34561,36355,38100,39725,39666,40713,39958,40004,40921,42191,43205,43728,46604,48982,50239,51539,47859,51776
140,S12000010,East Lothian,10238,10373,10645,10999,11642,12350,12881,13286,14401,14830,14672,14078,14450,14876,15179,16457,17344,17698,18260,19153,19953,20481,19309,20826
141,S12000019,Midlothian,10043,10433,11104,11518,11986,13015,13531,13965,14290,14780,15332,14638,15001,15478,16002,17232,18154,18985,19236,19720,20619,21211,20780,22020
142,S12000040,West Lothian,16722,17142,17235,17574,18452,19390,20455,21049,22138,22920,23476,22222,22943,23978,24293,23996,25083,26477,26749,27906,29179,29926,29086,31042
143,S12000047,Fife,12775,13014,13457,13809,14417,15058,15789,16377,17688,18278,18965,18114,18501,18747,19247,19994,20852,21300,21931,22440,22533,23218,22355,24644
144,S12000026,Scottish Borders,13726,13760,14132,14674,15189,15810,16070,16893,17714,17894,18553,17980,18186,18903,19342,20130,21871,22044,22255,22883,23927,24504,23683,25182
145,Not available,Glasgow City Region,14768,15212,15837,16710,17258,18264,19498,20774,21942,22321,23240,22635,22523,23198,23573,24650,25904,26204,26548,27912,28408,29288,27647,29663
146,S12000049,Glasgow City,20032,20905,21888,23118,23657,25186,27368,29474,31166,32027,32933,32361,31593,32416,32752,34377,35338,35409,35618,37105,37682,39143,37438,40244
147,S12000045,East Dunbartonshire,8317,8625,8855,9281,9611,10280,10729,11304,11936,12093,12336,11621,11761,12326,12676,13213,14157,14551,14944,16008,16244,16696,15132,16124
148,S12000039,West Dunbartonshire,10623,10987,11599,12525,13048,13797,14933,15959,16999,17179,18101,17603,18159,18821,18277,18617,19463,19760,21222,22495,23851,24641,22269,24051
149,S12000050,North Lanarkshire,13159,13317,13770,14543,15118,15922,16793,17698,18571,18763,19778,19002,19221,19769,20125,20947,23096,23396,23956,25498,26255,27138,25838,27445
150,S12000029,South Lanarkshire,12961,13257,13541,14178,14805,15665,16351,17514,18816,19049,20122,19617,19682,20107,20672,21697,22498,22733,23140,24378,24407,24755,23292,25540
151,S12000038,Renfrewshire,14872,15194,16079,16852,17470,18223,19109,20080,21073,20780,21729,20868,21050,21831,22118,23392,25459,26279,25782,27456,28232,28919,26322,28058
152,S12000011,East Renfrewshire,7830,8126,8468,8723,9029,9499,9862,10128,10448,10622,11133,10382,10713,11056,11658,12440,13209,13553,13844,14710,14713,14916,14050,14698
153,S12000018,Inverclyde,10897,10859,11561,12392,13203,14036,15223,15644,16087,16276,17154,16832,16745,17553,18423,18022,18993,19323,19400,19528,18923,18597,16884,17501
154,Not available,Scottish Island Councils,14463,15421,16014,17147,17373,18658,20344,21427,22067,22504,23937,24199,24728,26319,26767,26938,28163,27688,27246,28374,28143,30000,27872,29803
155,S12000013,Na h-Eileanan Siar,10510,11437,11954,13060,13273,14433,15630,16333,16989,17315,18359,17798,18839,19670,20006,19923,20662,20552,20615,21527,22473,24242,23383,25125
156,S12000023,Orkney Islands,15325,16445,17565,18633,18694,20275,22146,23724,23694,24383,25888,25579,25940,27680,28349,27307,27905,28786,28104,28111,26384,28011,25097,27301
157,S12000027,Shetland Islands,18515,19352,19569,20770,21122,22305,24413,25519,26766,27090,28907,30630,30660,32987,33328,34878,37206,34990,34126,36622,36460,38646,35791,37694
158,Not available,South of Scotland,14059,14431,15146,15944,16391,17080,17727,18519,19411,19580,20463,19835,19876,20730,21183,22230,23702,23747,24192,25062,25647,26537,25191,26401
159,S12000006,Dumfries and Galloway,14297,14911,15877,16862,17265,18011,18946,19717,20667,20839,21898,21228,21147,22105,22571,23822,25094,25045,25676,26742,26980,28115,26363,27352
160,S12000026,Scottish Borders,13726,13760,14132,14674,15189,15810,16070,16893,17714,17894,18553,17980,18186,18903,19342,20130,21871,22044,22255,22883,23927,24504,23683,25182
161,Not available,Forth Valley Region,15492,15714,16352,17070,17695,18998,20045,21068,22108,22903,23601,23177,23257,23317,23538,24405,25128,25573,25801,26575,27388,28935,27340,29887
162,S12000005,Clackmannanshire,10480,11018,11399,11486,12058,12889,13587,14316,15301,16073,16398,15869,15838,16434,16579,16944,18769,19533,20621,20764,22900,24011,23492,24818
163,S12000030,Stirling,16942,17536,18480,19773,20526,22098,23321,24566,25258,27060,26811,26993,26411,26763,27436,28585,28639,28096,28060,29551,29150,31434,29327,31724
164,S12000014,Falkirk,16325,16203,16734,17314,17874,19163,20245,21241,22503,22759,24153,23412,23891,23594,23552,24413,25154,26053,26141,26694,27791,29049,27405,30445
165,Not available,Tay Cities Region,13655,13761,14262,14702,15440,16336,17019,17658,19081,19703,20122,19690,19854,20283,21028,21992,22886,23395,23878,24358,24765,25575,23982,26034
166,S12000041,Angus,11274,11585,12095,12425,12789,13553,13635,14241,15653,16170,16423,15717,16004,16402,16872,17685,18759,18381,19477,19652,20891,22106,19695,21193
167,S12000042,Dundee City,13823,14148,15326,16075,16912,18171,19256,19863,20545,21352,21593,21365,21645,22452,22910,23423,24118,24673,24859,25413,25967,26936,25683,27850
168,S12000047,Fife,12775,13014,13457,13809,14417,15058,15789,16377,17688,18278,18965,18114,18501,18747,19247,19994,20852,21300,21931,22440,22533,23218,22355,24644
169,S12000048,Perth and Kinross,17676,17018,16930,17366,18658,19919,20580,21418,23914,24487,24512,25112,24481,24998,26831,28909,29914,31183,31102,31658,32040,32685,29589,31332
170,Not available,Highlands and Islands,13853,14568,15135,15817,16127,17435,18724,19763,20426,20997,22016,21636,22344,23459,24046,24794,25557,25635,25981,27711,28177,29234,26822,28850
171,S12000013,Na h-Eileanan Siar,10510,11437,11954,13060,13273,14433,15630,16333,16989,17315,18359,17798,18839,19670,20006,19923,20662,20552,20615,21527,22473,24242,23383,25125
172,S12000017,Highland,14323,15079,15677,16337,16610,18026,19354,20265,20782,21198,21725,21020,22144,23266,24002,25178,26131,26363,26970,28680,29448,30321,27553,29785
173,S12000020,Moray,13592,14036,14473,14752,15161,16312,17126,17924,19046,19963,21762,21550,21643,22584,22356,23084,23227,23483,23477,25585,26178,26737,24968,26716
174,S12000023,Orkney Islands,15325,16445,17565,18633,18694,20275,22146,23724,23694,24383,25888,25579,25940,27680,28349,27307,27905,28786,28104,28111,26384,28011,25097,27301
175,S12000027,Shetland Islands,18515,19352,19569,20770,21122,22305,24413,25519,26766,27090,28907,30630,30660,32987,33328,34878,37206,34990,34126,36622,36460,38646,35791,37694
176,S12000035,Argyll and Bute,12563,13266,13860,14658,15019,16242,17582,19110,19682,20376,21507,21260,21672,22554,23707,23855,24405,24341,25033,26881,26950,28397,26005,27858
177,N34000001,Belfast City Region,14378,15268,16390,17045,17608,18893,19740,20649,21672,22414,22563,22193,22064,22582,23355,23871,24375,25354,26337,27239,27589,28720,27502,29333
178,N09000001,Antrim and Newtownabbey,14453,15241,16280,17075,17545,18327,18988,19618,20705,21688,21196,20124,20627,21315,21709,21809,22960,23705,24747,25718,26106,27388,26411,26851
179,N09000011,Ards and North Down,8706,9149,9671,10099,10452,11158,11457,12185,12881,13291,13378,12622,12694,13251,13541,13290,13816,13925,15114,15757,16295,16920,16053,16316
180,N09000003,Belfast,18008,19418,20915,22241,23187,25592,27079,28735,30250,31610,31863,31669,31101,32088,32663,33929,34395,35581,38029,40120,41274,42622,40892,45085
181,N09000007,Lisburn and Castlereagh,13235,14049,15062,15941,16352,17480,17906,18859,19822,20493,20272,19581,19663,20099,21028,21561,22069,23007,24121,24525,25589,26955,25742,26911
182,N09000008,Mid and East Antrim,16938,17722,19185,18532,18993,19470,20543,20527,21285,21451,22439,23775,23408,22453,25024,24782,24087,26627,23762,23014,20157,21076,20256,21620
183,N09000010,"Newry, Mourne and Down",10468,11034,11887,12332,12639,13443,13937,14640,15344,15604,15758,14921,14998,15729,16204,16874,17817,18179,19095,19650,20199,21256,20310,21077
184,N34000002,Derry-Londonderry City Region,10553,11025,11469,11928,12292,13710,14055,15258,16341,16374,16840,16603,16571,17110,17716,18136,18428,18734,20059,21004,21456,22924,22809,24125
185,N09000005,Derry City and Strabane,10553,11025,11469,11928,12292,13710,14055,15258,16341,16374,16840,16603,16571,17110,17716,18136,18428,18734,20059,21004,21456,22924,22809,24125
186,Not available,Mid South West Growth Deal,12605,13317,14230,14799,15105,16205,16785,17725,18537,19096,18646,17414,17802,18099,18484,19130,19929,20427,21480,22070,23263,24366,23366,25272
187,N09000002,"Armagh City, Banbridge and Craigavon",11320,11928,12598,13274,13561,14332,14876,15561,16301,17043,16843,15994,16303,16709,16940,17819,18457,18970,20115,20551,21481,22313,21387,22711
188,N09000009,Mid Ulster,14905,15836,17237,17669,17899,19558,20067,21111,21898,22404,21293,19100,19994,20154,20356,21647,22517,23233,24178,24701,26531,28192,26497,29257
189,N09000006,Fermanagh and Omagh,12134,12762,13544,14103,14525,15540,16254,17498,18441,18709,18604,17863,17770,18038,18918,18353,19344,19546,20572,21527,22404,23305,23056,24938
190,Not available,Causeway Coast and Glens Growth Deal,10167,10803,11790,11818,12162,13066,13439,14155,15010,15384,15338,14671,15068,15753,16040,16243,16513,16525,17888,18307,18289,18854,17983,19539
191,N09000004,Causeway Coast and Glens,10167,10803,11790,11818,12162,13066,13439,14155,15010,15384,15338,14671,15068,15753,16040,16243,16513,16525,17888,18307,18289,18854,17983,19539
